[
  {
    "id": "6307a89e-2fe8-4104-b10f-6a0027b3a86e",
    "data": [
      {
        "text": "Any percentage discount",
        "userDefined": false
      }
    ],
    "isTemplate": false,
    "count": 0,
    "lang": "en",
    "updated": 0
  },
  {
    "id": "3816aa44-923f-48cf-8a9a-c2cd239f45b3",
    "data": [
      {
        "text": "What are the available payment plans",
        "userDefined": false
      }
    ],
    "isTemplate": false,
    "count": 0,
    "lang": "en",
    "updated": 0
  },
  {
    "id": "b5a8b6bc-c6f4-4213-afa6-a5aa80cbe5e8",
    "data": [
      {
        "text": "Payment plan available",
        "userDefined": false
      }
    ],
    "isTemplate": false,
    "count": 0,
    "lang": "en",
    "updated": 0
  },
  {
    "id": "5edbe58f-c4d3-4fff-8ca8-f2eb10af1ad6",
    "data": [
      {
        "text": "What are the promotions please",
        "userDefined": false
      }
    ],
    "isTemplate": false,
    "count": 0,
    "lang": "en",
    "updated": 0
  },
  {
    "id": "464d3d60-5d2a-4248-9c2b-1135545eeb68",
    "data": [
      {
        "text": "What are the discounts please",
        "userDefined": false
      }
    ],
    "isTemplate": false,
    "count": 0,
    "lang": "en",
    "updated": 0
  },
  {
    "id": "3ba82558-139b-49be-a1ca-1a11767e27a6",
    "data": [
      {
        "text": "Any credit card promotion",
        "userDefined": false
      }
    ],
    "isTemplate": false,
    "count": 0,
    "lang": "en",
    "updated": 0
  },
  {
    "id": "de688a7f-658e-4ff2-a018-7069561818a8",
    "data": [
      {
        "text": "Any credit card discount",
        "userDefined": false
      }
    ],
    "isTemplate": false,
    "count": 0,
    "lang": "en",
    "updated": 0
  },
  {
    "id": "b75802b8-90bd-4201-bb2e-59ecb0abb2ad",
    "data": [
      {
        "text": "Can I pay by instalments",
        "userDefined": false
      }
    ],
    "isTemplate": false,
    "count": 0,
    "lang": "en",
    "updated": 0
  },
  {
    "id": "843d4034-8ae5-4430-a469-70c4ce7c8c78",
    "data": [
      {
        "text": "Are there any instalment plans",
        "userDefined": false
      }
    ],
    "isTemplate": false,
    "count": 0,
    "lang": "en",
    "updated": 0
  },
  {
    "id": "162dd987-6d3c-4aa6-b38e-b182fa409b11",
    "data": [
      {
        "text": "Can you let me know what promotions are available",
        "userDefined": false
      }
    ],
    "isTemplate": false,
    "count": 0,
    "lang": "en",
    "updated": 0
  },
  {
    "id": "d21cb35e-d082-45ae-9e05-ed44359c9fb4",
    "data": [
      {
        "text": "Is there any ongoing sale",
        "userDefined": false
      }
    ],
    "isTemplate": false,
    "count": 0,
    "lang": "en",
    "updated": 0
  },
  {
    "id": "f4504fbf-bb4a-40bb-b4dd-de0b3d380bb9",
    "data": [
      {
        "text": "If I pay upfront, can I get some discount",
        "userDefined": false
      }
    ],
    "isTemplate": false,
    "count": 0,
    "lang": "en",
    "updated": 0
  },
  {
    "id": "d2cf17ab-f4df-4ec0-a5b0-7cd2ecdf713b",
    "data": [
      {
        "text": "How do I make payment, is there promotions or discounts available",
        "userDefined": false
      }
    ],
    "isTemplate": false,
    "count": 0,
    "lang": "en",
    "updated": 0
  },
  {
    "id": "3bd56fb8-dbd9-4fc4-91ee-66a03ba91003",
    "data": [
      {
        "text": "Is there any credit card promotions available",
        "userDefined": false
      }
    ],
    "isTemplate": false,
    "count": 0,
    "lang": "en",
    "updated": 0
  },
  {
    "id": "4eee2802-10e8-48b1-9692-4a0ec3876ede",
    "data": [
      {
        "text": "Can you let me know what are the discounts available",
        "userDefined": false
      }
    ],
    "isTemplate": false,
    "count": 0,
    "lang": "en",
    "updated": 0
  },
  {
    "id": "ee258d03-16f8-4840-b3e8-1a5ee8f4be69",
    "data": [
      {
        "text": "Any discounted price",
        "userDefined": false
      }
    ],
    "isTemplate": false,
    "count": 0,
    "lang": "en",
    "updated": 0
  },
  {
    "id": "a23fafa7-7bb6-44d5-afda-01697322170d",
    "data": [
      {
        "text": "What are the available discounts",
        "userDefined": false
      }
    ],
    "isTemplate": false,
    "count": 0,
    "lang": "en",
    "updated": 0
  },
  {
    "id": "9377eff7-7452-4dda-b188-2e0081da61fa",
    "data": [
      {
        "text": "Can you all give any discount",
        "userDefined": false
      }
    ],
    "isTemplate": false,
    "count": 0,
    "lang": "en",
    "updated": 0
  },
  {
    "id": "bd7c75e8-17ef-4a85-8918-d4fb99fb247b",
    "data": [
      {
        "text": "Any instalment plans",
        "userDefined": false
      }
    ],
    "isTemplate": false,
    "count": 0,
    "lang": "en",
    "updated": 0
  },
  {
    "id": "76e0869b-30b5-4b08-8cec-da312cc6f2aa",
    "data": [
      {
        "text": "Any ",
        "userDefined": false
      },
      {
        "text": "zero percent",
        "userDefined": false
      },
      {
        "text": " instalment plans",
        "userDefined": false
      }
    ],
    "isTemplate": false,
    "count": 0,
    "lang": "en",
    "updated": 0
  },
  {
    "id": "7238b675-897b-4e0c-a6df-d125aabc54d4",
    "data": [
      {
        "text": "Any credit card discounts",
        "userDefined": false
      }
    ],
    "isTemplate": false,
    "count": 0,
    "lang": "en",
    "updated": 0
  },
  {
    "id": "82c03865-a9f5-4ce9-8834-d696856d0703",
    "data": [
      {
        "text": "What are the available promotions now",
        "userDefined": false
      }
    ],
    "isTemplate": false,
    "count": 0,
    "lang": "en",
    "updated": 0
  },
  {
    "id": "47bdc276-9ccd-4d7c-a141-0689f1ad6b4f",
    "data": [
      {
        "text": "What  promotions do you have",
        "userDefined": false
      }
    ],
    "isTemplate": false,
    "count": 0,
    "lang": "en",
    "updated": 0
  }
]