[
  {
    "id": "f9d159bd-7c99-4ba4-b065-11833d865a47",
    "data": [
      {
        "text": "My company name is ",
        "userDefined": false
      },
      {
        "text": "ABC limited",
        "meta": "@sys.given-name",
        "alias": "given-name",
        "userDefined": true
      },
      {
        "text": " and I am making a business enquiry",
        "userDefined": false
      }
    ],
    "isTemplate": false,
    "count": 0,
    "lang": "en",
    "updated": 0
  },
  {
    "id": "7df662a3-46bd-4fb4-8dfc-1a4f46755614",
    "data": [
      {
        "text": "I am from ",
        "userDefined": false
      },
      {
        "text": "credit suisse",
        "meta": "@sys.given-name",
        "alias": "given-name",
        "userDefined": true
      },
      {
        "text": " making a business enquiry. Kindly contact me at ",
        "userDefined": false
      },
      {
        "text": "81828382",
        "meta": "@sys.phone-number",
        "alias": "phone-number",
        "userDefined": false
      },
      {
        "text": " to further discuss the order",
        "userDefined": false
      }
    ],
    "isTemplate": false,
    "count": 0,
    "lang": "en",
    "updated": 0
  },
  {
    "id": "494875bc-e6ce-4336-a2c7-033ae4693dbd",
    "data": [
      {
        "text": "ai",
        "userDefined": false
      },
      {
        "text": ", for company order can someone ",
        "userDefined": false
      },
      {
        "text": "call",
        "meta": "@customer_engagement",
        "alias": "customer_engagement",
        "userDefined": true
      },
      {
        "text": " me at ",
        "userDefined": false
      },
      {
        "text": "91029999",
        "meta": "@sys.phone-number",
        "alias": "phone-number",
        "userDefined": false
      },
      {
        "text": " please",
        "userDefined": false
      }
    ],
    "isTemplate": false,
    "count": 0,
    "lang": "en",
    "updated": 0
  },
  {
    "id": "9590f14b-d949-4b04-9189-bbd6915c2e12",
    "data": [
      {
        "text": "Hi, bulk order for ",
        "userDefined": false
      },
      {
        "text": "shelves company",
        "meta": "@sys.given-name",
        "alias": "given-name",
        "userDefined": true
      },
      {
        "text": ". My name ir ",
        "userDefined": false
      },
      {
        "text": "mr tan",
        "meta": "@sys.person",
        "alias": "person",
        "userDefined": true
      },
      {
        "text": " please ",
        "userDefined": false
      },
      {
        "text": "email",
        "meta": "@customer_engagement",
        "alias": "customer_engagement",
        "userDefined": true
      },
      {
        "text": " me ",
        "userDefined": false
      },
      {
        "text": "tan@shelves.com",
        "meta": "@sys.email",
        "alias": "email",
        "userDefined": true
      },
      {
        "text": ", phone is ",
        "userDefined": false
      },
      {
        "text": "81727839",
        "meta": "@sys.phone-number",
        "alias": "phone-number",
        "userDefined": true
      }
    ],
    "isTemplate": false,
    "count": 0,
    "lang": "en",
    "updated": 0
  },
  {
    "id": "e85e75d6-5379-4a70-81ec-79e6a073a5f2",
    "data": [
      {
        "text": "I am ",
        "userDefined": false
      },
      {
        "text": "Amanda",
        "meta": "@sys.person",
        "alias": "person",
        "userDefined": true
      },
      {
        "text": " from ",
        "userDefined": false
      },
      {
        "text": "Kinokuniya",
        "meta": "@sys.given-name",
        "alias": "given-name",
        "userDefined": true
      },
      {
        "text": ", and we would like to make a large purchase order. Please contact me at ",
        "userDefined": false
      },
      {
        "text": "amanda@kinokuniya.com",
        "meta": "@sys.email",
        "alias": "email",
        "userDefined": true
      }
    ],
    "isTemplate": false,
    "count": 0,
    "lang": "en",
    "updated": 0
  },
  {
    "id": "895f6867-18bc-49e1-9904-e9127a21dc5a",
    "data": [
      {
        "text": "My name is ",
        "userDefined": false
      },
      {
        "text": "John Doe",
        "meta": "@sys.person",
        "alias": "person",
        "userDefined": true
      },
      {
        "text": ", I am from ",
        "userDefined": false
      },
      {
        "text": "Finite PTE LTD",
        "meta": "@sys.given-name",
        "alias": "given-name",
        "userDefined": true
      },
      {
        "text": ", can you contact me via a call on my ",
        "userDefined": false
      },
      {
        "text": "phone",
        "meta": "@customer_engagement",
        "alias": "customer_engagement",
        "userDefined": true
      },
      {
        "text": " ",
        "userDefined": false
      },
      {
        "text": "91029181",
        "meta": "@sys.phone-number",
        "alias": "phone-number",
        "userDefined": true
      },
      {
        "text": ". Also, my email address is ",
        "userDefined": false
      },
      {
        "text": "john@finitepteltd.com",
        "meta": "@sys.email",
        "alias": "email",
        "userDefined": true
      }
    ],
    "isTemplate": false,
    "count": 0,
    "lang": "en",
    "updated": 0
  },
  {
    "id": "98e6d711-12c2-42f7-9504-1d0ecd2d9a9e",
    "data": [
      {
        "text": "I am making a company bulk purchase, I prefer to be contacted by ",
        "userDefined": false
      },
      {
        "text": "email",
        "meta": "@customer_engagement",
        "alias": "customer_engagement",
        "userDefined": true
      },
      {
        "text": ". Please contact me ",
        "userDefined": false
      },
      {
        "text": "Amelia",
        "meta": "@sys.person",
        "alias": "person",
        "userDefined": true
      },
      {
        "text": " at ",
        "userDefined": false
      },
      {
        "text": "amelia@hotmail.com",
        "meta": "@sys.email",
        "alias": "email",
        "userDefined": true
      },
      {
        "text": ", ",
        "userDefined": false
      },
      {
        "text": "91029999",
        "meta": "@sys.phone-number",
        "alias": "phone-number",
        "userDefined": true
      }
    ],
    "isTemplate": false,
    "count": 0,
    "lang": "en",
    "updated": 0
  },
  {
    "id": "94ab9a0e-6666-4020-8354-74d81dfc6081",
    "data": [
      {
        "text": "My ",
        "userDefined": false
      },
      {
        "text": "email",
        "meta": "@customer_engagement",
        "alias": "customer_engagement",
        "userDefined": true
      },
      {
        "text": " is ",
        "userDefined": false
      },
      {
        "text": "xyz@hotmail.com",
        "meta": "@sys.email",
        "alias": "email",
        "userDefined": true
      },
      {
        "text": ", please contact me for business order",
        "userDefined": false
      }
    ],
    "isTemplate": false,
    "count": 0,
    "lang": "en",
    "updated": 0
  },
  {
    "id": "85e3cf89-5605-414b-a99b-1a16dac73daa",
    "data": [
      {
        "text": "I want to make a business order, my number is ",
        "userDefined": false
      },
      {
        "text": "81242711",
        "meta": "@sys.phone-number",
        "alias": "phone-number",
        "userDefined": false
      },
      {
        "text": ", can someone contact me?",
        "userDefined": false
      }
    ],
    "isTemplate": false,
    "count": 0,
    "lang": "en",
    "updated": 0
  },
  {
    "id": "14c79f4a-136d-482a-a9d5-f6a614a954b6",
    "data": [
      {
        "text": "My name is ",
        "userDefined": false
      },
      {
        "text": "Amelia",
        "meta": "@sys.given-name",
        "alias": "given-name",
        "userDefined": false
      },
      {
        "text": ", and I would like to make a large order",
        "userDefined": false
      }
    ],
    "isTemplate": false,
    "count": 0,
    "lang": "en",
    "updated": 0
  },
  {
    "id": "4104f3bd-8b47-4796-9d14-a55571fe987d",
    "data": [
      {
        "text": "Our company would like to enquire about a big bulk purchase for our business. Can we discuss further with a customer service representative",
        "userDefined": false
      }
    ],
    "isTemplate": false,
    "count": 0,
    "lang": "en",
    "updated": 0
  },
  {
    "id": "43d95102-4b7b-483a-9cbb-1121323671cc",
    "data": [
      {
        "text": "Bulk purchase",
        "userDefined": false
      }
    ],
    "isTemplate": false,
    "count": 0,
    "lang": "en",
    "updated": 0
  },
  {
    "id": "f6c40d3f-536b-40b9-8f25-89dbdcc98ca3",
    "data": [
      {
        "text": "Big bulk order",
        "userDefined": false
      }
    ],
    "isTemplate": false,
    "count": 0,
    "lang": "en",
    "updated": 0
  },
  {
    "id": "dd00e81b-c3d0-49e7-8c7b-c107841102f5",
    "data": [
      {
        "text": "Large company order",
        "userDefined": false
      }
    ],
    "isTemplate": false,
    "count": 0,
    "lang": "en",
    "updated": 0
  },
  {
    "id": "58c35a89-104a-4e6f-b5d8-0060644074ba",
    "data": [
      {
        "text": "Company order",
        "userDefined": false
      }
    ],
    "isTemplate": false,
    "count": 0,
    "lang": "en",
    "updated": 0
  },
  {
    "id": "c0a2c8df-4ba0-46f7-aaec-2a17f208deba",
    "data": [
      {
        "text": "Company rder",
        "userDefined": false
      }
    ],
    "isTemplate": false,
    "count": 0,
    "lang": "en",
    "updated": 0
  },
  {
    "id": "288543a9-8c59-4457-bdff-91751beb5109",
    "data": [
      {
        "text": "Business enquiry",
        "userDefined": false
      }
    ],
    "isTemplate": false,
    "count": 0,
    "lang": "en",
    "updated": 0
  },
  {
    "id": "ba8fc9c2-8c80-4923-bef0-90adc54b85d3",
    "data": [
      {
        "text": "I would like to make a business enquiry",
        "userDefined": false
      }
    ],
    "isTemplate": false,
    "count": 0,
    "lang": "en",
    "updated": 0
  },
  {
    "id": "6c8fa79e-efc5-44ac-ba02-356c69a61f41",
    "data": [
      {
        "text": "Is there any discount for a large quantity",
        "userDefined": false
      }
    ],
    "isTemplate": false,
    "count": 0,
    "lang": "en",
    "updated": 0
  },
  {
    "id": "e1e42aa1-a5dc-4da6-ada5-723592a6e593",
    "data": [
      {
        "text": "I want to call someone about a large order",
        "userDefined": false
      }
    ],
    "isTemplate": false,
    "count": 0,
    "lang": "en",
    "updated": 0
  },
  {
    "id": "7913db64-c3a9-4ffb-aeaa-3ad2ab0087e2",
    "data": [
      {
        "text": "Can I speak to someone about a company business order, can we have discounts",
        "userDefined": false
      }
    ],
    "isTemplate": false,
    "count": 0,
    "lang": "en",
    "updated": 0
  },
  {
    "id": "96e36f55-212a-4155-8a75-944ec0e55abb",
    "data": [
      {
        "text": "I am ",
        "userDefined": false
      },
      {
        "text": "Mr Hong",
        "meta": "@sys.person",
        "alias": "person",
        "userDefined": true
      },
      {
        "text": " from ",
        "userDefined": false
      },
      {
        "text": "xyz pte ltd",
        "meta": "@sys.given-name",
        "alias": "given-name",
        "userDefined": true
      },
      {
        "text": ", can I get a discount on a company order",
        "userDefined": false
      }
    ],
    "isTemplate": false,
    "count": 0,
    "lang": "en",
    "updated": 0
  },
  {
    "id": "8425d523-eaa0-4b6b-8115-0325f37ff050",
    "data": [
      {
        "text": "My company is ",
        "userDefined": false
      },
      {
        "text": "ABC limited",
        "meta": "@sys.given-name",
        "alias": "given-name",
        "userDefined": true
      },
      {
        "text": " and can we make a business order",
        "userDefined": false
      }
    ],
    "isTemplate": false,
    "count": 0,
    "lang": "en",
    "updated": 0
  },
  {
    "id": "e7f1b0b5-f670-43ee-9e03-086db7d7e0d7",
    "data": [
      {
        "text": "I am from ",
        "userDefined": false
      },
      {
        "text": "SYF Logistics",
        "meta": "@sys.given-name",
        "alias": "given-name",
        "userDefined": true
      },
      {
        "text": " and we would like to make an order",
        "userDefined": false
      }
    ],
    "isTemplate": false,
    "count": 0,
    "lang": "en",
    "updated": 0
  },
  {
    "id": "14b8c668-ec5d-4f38-aac5-1885a9cb5db5",
    "data": [
      {
        "text": "Do you accept business orders",
        "userDefined": false
      }
    ],
    "isTemplate": false,
    "count": 0,
    "lang": "en",
    "updated": 0
  },
  {
    "id": "21346135-ef0a-43d7-b665-aec95d93f4da",
    "data": [
      {
        "text": "Can I purchase a large quantity for the business",
        "userDefined": false
      }
    ],
    "isTemplate": false,
    "count": 0,
    "lang": "en",
    "updated": 0
  },
  {
    "id": "21c7e8ce-1187-4379-968e-c9c2044eb6c3",
    "data": [
      {
        "text": "I want to purchase a large number of items",
        "userDefined": false
      }
    ],
    "isTemplate": false,
    "count": 0,
    "lang": "en",
    "updated": 0
  }
]