[
  {
    "id": "0f7770ea-cbbb-4ace-9289-2aedaca62ebb",
    "data": [
      {
        "text": "I find that the ",
        "userDefined": false
      },
      {
        "text": "service is really bad and that you do not really understand my query",
        "userDefined": true
      },
      {
        "text": ". Please improve",
        "userDefined": false
      }
    ],
    "isTemplate": false,
    "count": 0,
    "lang": "en",
    "updated": 0
  },
  {
    "id": "0f3ce252-48ce-4a0d-8982-46117ba71e2b",
    "data": [
      {
        "text": "This service is really bad, I would like to give a rating",
        "userDefined": false
      }
    ],
    "isTemplate": false,
    "count": 0,
    "lang": "en",
    "updated": 0
  },
  {
    "id": "7693fdcc-bdac-42a7-a249-12fae21633f8",
    "data": [
      {
        "text": "Do you accept comments",
        "userDefined": false
      }
    ],
    "isTemplate": false,
    "count": 0,
    "lang": "en",
    "updated": 0
  },
  {
    "id": "82c9c2a0-0d15-4607-bcd0-ee8b70c87b4a",
    "data": [
      {
        "text": "Do you accept feedback",
        "userDefined": false
      }
    ],
    "isTemplate": false,
    "count": 0,
    "lang": "en",
    "updated": 0
  },
  {
    "id": "5d590bb7-93a2-4900-ad99-be26d73bc608",
    "data": [
      {
        "text": "service rating",
        "userDefined": false
      }
    ],
    "isTemplate": false,
    "count": 0,
    "lang": "en",
    "updated": 0
  },
  {
    "id": "2bf462bd-f68b-4e56-a727-17414dfc8e34",
    "data": [
      {
        "text": "feedback",
        "userDefined": false
      }
    ],
    "isTemplate": false,
    "count": 0,
    "lang": "en",
    "updated": 0
  },
  {
    "id": "2f278e8d-601d-425b-babc-9abfc394dc74",
    "data": [
      {
        "text": "rate and comments",
        "userDefined": false
      }
    ],
    "isTemplate": false,
    "count": 0,
    "lang": "en",
    "updated": 0
  },
  {
    "id": "7d88c868-a45f-4418-8ac9-250f42cf083b",
    "data": [
      {
        "text": "comments and rate",
        "userDefined": false
      }
    ],
    "isTemplate": false,
    "count": 0,
    "lang": "en",
    "updated": 0
  },
  {
    "id": "6e0b5118-0b0a-4d58-98bf-bd4c9b2573f1",
    "data": [
      {
        "text": "commeI want to rate your service",
        "userDefined": false
      }
    ],
    "isTemplate": false,
    "count": 0,
    "lang": "en",
    "updated": 0
  },
  {
    "id": "c0c0b49d-98ae-40e4-a3ff-93a8b06bb214",
    "data": [
      {
        "text": "comments",
        "userDefined": false
      }
    ],
    "isTemplate": false,
    "count": 0,
    "lang": "en",
    "updated": 0
  },
  {
    "id": "748883b4-765d-4856-81dd-f7029edda682",
    "data": [
      {
        "text": "I have some ideas for you to improve",
        "userDefined": false
      }
    ],
    "isTemplate": false,
    "count": 0,
    "lang": "en",
    "updated": 0
  },
  {
    "id": "61eaa48f-31c6-487f-ba49-197b5bbbff07",
    "data": [
      {
        "text": "I have an idea for you",
        "userDefined": false
      }
    ],
    "isTemplate": false,
    "count": 0,
    "lang": "en",
    "updated": 0
  },
  {
    "id": "5e759737-5252-4c98-8034-0dbf50ed6fa3",
    "data": [
      {
        "text": "suggestions for improvement",
        "userDefined": false
      }
    ],
    "isTemplate": false,
    "count": 0,
    "lang": "en",
    "updated": 0
  },
  {
    "id": "c3762e3b-963d-4f65-a317-938f6f9b707d",
    "data": [
      {
        "text": "suggetions for imporvement",
        "userDefined": false
      }
    ],
    "isTemplate": false,
    "count": 0,
    "lang": "en",
    "updated": 0
  },
  {
    "id": "5c816cc7-8d10-4694-a6c2-19b187694606",
    "data": [
      {
        "text": "Can I provide some comments",
        "userDefined": false
      }
    ],
    "isTemplate": false,
    "count": 0,
    "lang": "en",
    "updated": 0
  },
  {
    "id": "81b36408-8104-480b-97b9-6bd3f3431f5b",
    "data": [
      {
        "text": "Can I provide feedback",
        "userDefined": false
      }
    ],
    "isTemplate": false,
    "count": 0,
    "lang": "en",
    "updated": 0
  },
  {
    "id": "d3193d84-b5c8-40b5-ad25-c8942a4cefee",
    "data": [
      {
        "text": "I want to rate your service",
        "userDefined": false
      }
    ],
    "isTemplate": false,
    "count": 0,
    "lang": "en",
    "updated": 0
  },
  {
    "id": "738d3eb6-6371-46e2-a1d1-147b3406cf74",
    "data": [
      {
        "text": "I have some comments about your service",
        "userDefined": false
      }
    ],
    "isTemplate": false,
    "count": 0,
    "lang": "en",
    "updated": 0
  },
  {
    "id": "425379ed-b64f-4034-931d-349b4b130d41",
    "data": [
      {
        "text": "I want to give some feedback",
        "userDefined": false
      }
    ],
    "isTemplate": false,
    "count": 0,
    "lang": "en",
    "updated": 0
  }
]