[
  {
    "id": "dda4d8a9-f90d-46c6-a680-72cb097fd8be",
    "data": [
      {
        "text": "Can help reserve the laptop now?",
        "userDefined": false
      }
    ],
    "isTemplate": false,
    "count": 0,
    "lang": "en",
    "updated": 0
  },
  {
    "id": "4face572-be08-4700-ba54-ebdd3170119f",
    "data": [
      {
        "text": "Can help reserve desktop?",
        "userDefined": false
      }
    ],
    "isTemplate": false,
    "count": 0,
    "lang": "en",
    "updated": 0
  },
  {
    "id": "e0fb8113-27f2-40e1-b6d8-cbe291ed3b9e",
    "data": [
      {
        "text": "Can help reserve laptop?",
        "userDefined": false
      }
    ],
    "isTemplate": false,
    "count": 0,
    "lang": "en",
    "updated": 0
  },
  {
    "id": "1438b06f-e10b-42e0-8a57-e0cbd45ba71e",
    "data": [
      {
        "text": "Can help me reserve",
        "userDefined": false
      }
    ],
    "isTemplate": false,
    "count": 0,
    "lang": "en",
    "updated": 0
  },
  {
    "id": "869af97a-c04a-4268-a5a9-ed63ef4c0a93",
    "data": [
      {
        "text": "Help me to reserve product",
        "userDefined": false
      }
    ],
    "isTemplate": false,
    "count": 1,
    "lang": "en",
    "updated": 0
  },
  {
    "id": "60edb198-5873-42ae-b2bd-85d95e149186",
    "data": [
      {
        "text": "Can I make a product reservation",
        "userDefined": false
      }
    ],
    "isTemplate": false,
    "count": 0,
    "lang": "en",
    "updated": 0
  },
  {
    "id": "28ffc579-097b-4fec-82b2-69fe5b3e50fd",
    "data": [
      {
        "text": "reserve please",
        "userDefined": false
      }
    ],
    "isTemplate": false,
    "count": 0,
    "lang": "en",
    "updated": 0
  },
  {
    "id": "402b00c6-d0df-487a-aa7d-47821ef5ced3",
    "data": [
      {
        "text": "Can you help me to reserve the product for when it is back in stock",
        "userDefined": false
      }
    ],
    "isTemplate": false,
    "count": 0,
    "lang": "en",
    "updated": 0
  }
]