[
  {
    "id": "ab9ba40e-676a-4601-aa65-fff07554457a",
    "data": [
      {
        "text": "Will you all be ordering new products",
        "userDefined": false
      }
    ],
    "isTemplate": false,
    "count": 0,
    "lang": "en",
    "updated": 0
  },
  {
    "id": "6f0e14b6-40a7-48ab-b727-bad6c72d55fe",
    "data": [
      {
        "text": "When will the restocking happen",
        "userDefined": false
      }
    ],
    "isTemplate": false,
    "count": 0,
    "lang": "en",
    "updated": 0
  },
  {
    "id": "e54164cd-ab7b-43d0-99a0-e62b7126e11b",
    "data": [
      {
        "text": "When will you all restock",
        "userDefined": false
      }
    ],
    "isTemplate": false,
    "count": 0,
    "lang": "en",
    "updated": 0
  },
  {
    "id": "9c3b172e-f349-47de-90fd-b14476356ceb",
    "data": [
      {
        "text": "When new products come",
        "userDefined": false
      }
    ],
    "isTemplate": false,
    "count": 0,
    "lang": "en",
    "updated": 0
  },
  {
    "id": "abd9d8f4-d15a-4932-8dd5-95292feba30a",
    "data": [
      {
        "text": "When stocks arrive",
        "userDefined": false
      }
    ],
    "isTemplate": false,
    "count": 0,
    "lang": "en",
    "updated": 0
  },
  {
    "id": "d01909d6-7c69-46cb-8d5c-751eda950910",
    "data": [
      {
        "text": "Will the new stocks arrive ",
        "userDefined": false
      },
      {
        "text": "before January",
        "userDefined": false
      }
    ],
    "isTemplate": false,
    "count": 0,
    "lang": "en",
    "updated": 0
  },
  {
    "id": "54336bb8-438a-44a5-ad3c-dfc8bdb29d3d",
    "data": [
      {
        "text": "How long will it take for more stocks to arrive",
        "userDefined": false
      }
    ],
    "isTemplate": false,
    "count": 0,
    "lang": "en",
    "updated": 0
  },
  {
    "id": "7592a257-c3a0-4ca9-b553-17149875afb5",
    "data": [
      {
        "text": "Apple",
        "userDefined": false
      },
      {
        "text": " desktop no more stock, when will new products arrive",
        "userDefined": false
      }
    ],
    "isTemplate": false,
    "count": 0,
    "lang": "en",
    "updated": 0
  },
  {
    "id": "15a92ddb-65c3-40b8-a40e-b3d969b38f36",
    "data": [
      {
        "text": "Can I know when there will be more stocks of the dell laptop",
        "userDefined": false
      }
    ],
    "isTemplate": false,
    "count": 0,
    "lang": "en",
    "updated": 0
  },
  {
    "id": "10f5137f-2a4d-46ac-816d-c80cf5d66a31",
    "data": [
      {
        "text": "Are you all going to have more stocks available",
        "userDefined": false
      }
    ],
    "isTemplate": false,
    "count": 0,
    "lang": "en",
    "updated": 0
  },
  {
    "id": "dcc22ea7-c455-4252-a547-633649bc94ab",
    "data": [
      {
        "text": "No more stock, will you all restock?",
        "userDefined": false
      }
    ],
    "isTemplate": false,
    "count": 0,
    "lang": "en",
    "updated": 0
  },
  {
    "id": "32207bc5-d943-4c74-93ee-8c7553c06ae1",
    "data": [
      {
        "text": "I see that there is no quantity available, so when will the products be available again",
        "userDefined": false
      }
    ],
    "isTemplate": false,
    "count": 0,
    "lang": "en",
    "updated": 0
  },
  {
    "id": "1e0b4a18-c52a-4149-99e6-6600f7a19003",
    "data": [
      {
        "text": "When will the products come again",
        "userDefined": false
      }
    ],
    "isTemplate": false,
    "count": 0,
    "lang": "en",
    "updated": 0
  },
  {
    "id": "7f8ced20-267e-43ff-829b-e46c045b9dff",
    "data": [
      {
        "text": "When the restock come",
        "userDefined": false
      }
    ],
    "isTemplate": false,
    "count": 0,
    "lang": "en",
    "updated": 0
  },
  {
    "id": "90ba8399-b555-4ade-a6a6-61cec626530b",
    "data": [
      {
        "text": "When will there be restock of the laptops",
        "userDefined": false
      }
    ],
    "isTemplate": false,
    "count": 0,
    "lang": "en",
    "updated": 0
  }
]